id,first_name,last_name,email,gender,ip_address
1,Jasen,Halburton,jhalburton0@yale.edu,Male,62.165.165.88
2,Dennison,Girardoni,dgirardoni1@cnbc.com,Male,85.67.61.75
3,Dennet,Braferton,dbraferton2@webmd.com,Male,162.200.145.53
4,Ryon,Croysdale,rcroysdale3@sciencedirect.com,Male,78.177.17.133
5,Dierdre,Overil,doveril4@zimbio.com,Female,245.75.241.21
6,Husein,McDermid,hmcdermid5@cornell.edu,Male,195.170.217.76
7,Marijn,Blackler,mblackler6@businesswire.com,Male,110.78.146.91
8,Way,Vern,wvern7@miitbeian.gov.cn,Male,28.206.163.149
9,Edvard,Phillput,ephillput8@rambler.ru,Male,204.21.182.233
10,Kessia,Casiero,kcasiero9@blogs.com,Female,34.250.54.186
11,Kassia,Witnall,kwitnalla@jugem.jp,Female,80.107.49.185
12,Stanislas,Kropp,skroppb@flavors.me,Male,34.51.219.180
13,Broderic,Taffley,btaffleyc@parallels.com,Male,19.72.170.60
14,Velvet,Buzza,vbuzzad@npr.org,Female,146.111.71.49
15,Lizzie,Barwise,lbarwisee@senate.gov,Female,72.132.53.196
16,Kipp,Pentelo,kpentelof@bbc.co.uk,Female,112.155.88.174
17,Olympia,Horburgh,ohorburghg@samsung.com,Female,108.130.228.143
18,Rollin,Plak,rplakh@mayoclinic.com,Male,176.18.122.165
19,Dionisio,Plet,dpleti@hp.com,Male,165.88.104.8
20,Arabelle,Falloon,afalloonj@blinklist.com,Female,180.228.97.248
21,Allison,Abrahmson,aabrahmsonk@mail.ru,Female,229.185.78.8
22,Lydia,Abdy,labdyl@mysql.com,Female,159.209.199.216
23,Chan,Phippen,cphippenm@pagesperso-orange.fr,Male,71.12.119.20
24,Blondy,French,bfrenchn@nsw.gov.au,Female,174.228.244.74
25,Trixi,Halsted,thalstedo@mayoclinic.com,Female,107.136.10.44
26,Baily,Croucher,bcroucherp@fastcompany.com,Male,189.188.100.7
27,Dunn,Babbs,dbabbsq@cbc.ca,Male,251.34.237.169
28,Wayne,Pawle,wpawler@cdc.gov,Male,180.242.107.188
29,Bibbye,Acres,bacress@over-blog.com,Female,142.71.179.205
30,Enrika,Bauldry,ebauldryt@google.es,Female,222.112.77.222
31,Freeman,Carlet,fcarletu@homestead.com,Male,39.115.18.70
32,Lauryn,Simonard,lsimonardv@ft.com,Female,227.22.68.30
33,Gallard,Eykelhof,geykelhofw@miitbeian.gov.cn,Male,194.199.168.176
34,Karel,Heyworth,kheyworthx@youtu.be,Female,229.235.200.158
35,Carny,Issacov,cissacovy@ow.ly,Male,108.214.31.41
36,Valle,Krabbe,vkrabbez@skype.com,Male,31.223.187.152
37,Riva,Carneck,rcarneck10@yellowpages.com,Female,224.198.141.93
38,Franni,Allans,fallans11@ifeng.com,Female,214.89.70.76
39,Clemence,Parradye,cparradye12@zdnet.com,Female,205.80.131.192
40,Hagen,Nussen,hnussen13@ftc.gov,Male,97.92.71.215
41,Terrence,Lenney,tlenney14@sina.com.cn,Male,24.242.131.117
42,Grissel,Itzkovwich,gitzkovwich15@yellowpages.com,Female,76.234.193.196
43,Whitby,Battman,wbattman16@admin.ch,Male,129.177.130.9
44,Harvey,Dummett,hdummett17@europa.eu,Male,220.41.183.254
45,Neddie,Corck,ncorck18@rambler.ru,Male,228.51.109.53
46,Darrell,Floyd,dfloyd19@jugem.jp,Male,175.116.49.158
47,Rubin,Rutley,rrutley1a@army.mil,Male,36.128.247.31
48,Matty,Clemmens,mclemmens1b@theatlantic.com,Male,32.220.163.83
49,Jsandye,Waltering,jwaltering1c@virginia.edu,Female,159.85.54.26
50,Cookie,Gurr,cgurr1d@ted.com,Female,152.94.236.245
51,Diego,Mawd,dmawd1e@furl.net,Male,43.141.237.173
52,Flem,Izakovitz,fizakovitz1f@economist.com,Male,95.185.83.253
53,Osbourn,MacGilmartin,omacgilmartin1g@uiuc.edu,Male,148.179.222.237
54,Hayward,Loveless,hloveless1h@imdb.com,Male,20.190.86.3
55,Pepe,Raffon,praffon1i@netvibes.com,Male,177.50.156.159
56,Brade,Bellchamber,bbellchamber1j@shareasale.com,Male,203.5.93.73
57,Suzi,Rosendall,srosendall1k@wufoo.com,Female,165.67.140.31
58,Eduard,O'Donohue,eodonohue1l@cbslocal.com,Male,195.114.238.157
59,Jeffrey,Shout,jshout1m@discovery.com,Male,202.203.147.242
60,Roderick,Fomichyov,rfomichyov1n@wordpress.com,Male,8.44.22.15
61,Barde,Naire,bnaire1o@cnet.com,Male,175.89.222.65
62,Bobette,Twentyman,btwentyman1p@state.gov,Female,213.194.61.193
63,Gwenny,Vasenkov,gvasenkov1q@chronoengine.com,Female,212.142.209.75
64,Myrvyn,Stroband,mstroband1r@ihg.com,Male,242.21.119.31
65,Conrade,Denyer,cdenyer1s@baidu.com,Male,237.38.74.34
66,Ddene,Snoxell,dsnoxell1t@google.co.uk,Female,234.243.109.238
67,Rossy,Baly,rbaly1u@epa.gov,Male,128.255.148.196
68,Gaspard,McAteer,gmcateer1v@foxnews.com,Male,168.216.165.57
69,Ingmar,Glenton,iglenton1w@github.io,Male,128.59.10.7
70,Lucien,Hastelow,lhastelow1x@wunderground.com,Male,93.228.252.234
71,Clayborn,MacUchadair,cmacuchadair1y@blogs.com,Male,221.18.1.241
72,Nels,Dorrance,ndorrance1z@clickbank.net,Male,73.27.2.223
73,Juli,Decaze,jdecaze20@census.gov,Female,45.186.74.199
74,Jaime,Gipp,jgipp21@gov.uk,Male,82.2.58.146
75,Isidor,Doldon,idoldon22@samsung.com,Male,211.131.224.13
76,Aura,Howard - Gater,ahowardgater23@wunderground.com,Female,236.186.0.29
77,Duky,Ciotti,dciotti24@nifty.com,Male,182.84.149.119
78,Abbott,Dyball,adyball25@cdbaby.com,Male,148.175.144.86
79,Brigid,Vodden,bvodden26@comsenz.com,Female,127.31.60.125
80,Jourdan,Lukasen,jlukasen27@360.cn,Female,234.8.117.29
81,Caprice,Stodart,cstodart28@berkeley.edu,Female,189.232.80.41
82,Sinclare,Spyer,sspyer29@ucoz.ru,Male,70.172.226.22
83,Judith,Wrixon,jwrixon2a@google.de,Female,142.155.90.69
84,Meade,Tomlett,mtomlett2b@prlog.org,Female,175.210.14.160
85,Justine,Lempel,jlempel2c@chron.com,Female,232.170.69.236
86,Ayn,Gier,agier2d@hugedomains.com,Female,222.170.96.15
87,Renault,Wozencroft,rwozencroft2e@dot.gov,Male,103.4.112.100
88,Clim,Tregensoe,ctregensoe2f@cbc.ca,Male,8.188.157.202
89,Lucia,Outhwaite,louthwaite2g@yellowpages.com,Female,80.159.101.216
90,Mace,Ricker,mricker2h@state.gov,Male,117.24.247.164
91,Raymund,Pollak,rpollak2i@msu.edu,Male,204.245.233.43
92,Dani,Denmead,ddenmead2j@wunderground.com,Male,126.69.138.224
93,Erny,Sheals,esheals2k@squidoo.com,Male,42.140.182.32
94,Raimundo,Ovington,rovington2l@umich.edu,Male,159.1.100.32
95,Sinclare,Rawstorn,srawstorn2m@cornell.edu,Male,159.49.47.44
96,Florance,Cockrill,fcockrill2n@mediafire.com,Female,222.109.158.215
97,Avigdor,Crielly,acrielly2o@ed.gov,Male,181.24.67.132
98,Valencia,Suart,vsuart2p@51.la,Female,23.13.52.14
99,Cally,Ormistone,cormistone2q@liveinternet.ru,Female,48.248.46.39
100,Quintus,Shales,qshales2r@ovh.net,Male,238.60.120.2
